last name,first name,email,zipcode,city,state,address,phone number
Hoy,John,xhnebenz@jumpstartlab.com,78705,,TX,300 E 30th St Apt 304,5126732000
Dayananda,John,kyllacamerak@jumpstartlab.com,40206,,KY,513 Emery Rd.,5027410000
Dowd,John,sellistarena@jumpstartlab.com,16142,,PA,203 E. Neshannock,7243443000
Buckner,John,hhrosl08@jumpstartlab.com,27514,,NC,101 Stadium Drive,9193895000
Bishop,John,dpichard@jumpstartlab.com,13323,,NY,198 College Hill Road,9085280000
Cooray,John,emcallum@jumpstartlab.com,45701,,OH,46 East Green Street (Room 449),4402219000
Huber,John,nileyd@jumpstartlab.com,21521,,MD,60 Pershing St,3016897000
Hall,John,rmates6601@jumpstartlab.com,01602,,MA,266 Olean St.,5087521000
Klar,John,cyaison@jumpstartlab.com,53715,,WI,1315 Bowen Court,6512141000
Honani,John,jtmiller@jumpstartlab.com,30322,,GA,586 Asbury Crircle,2392468000
Mclaughlin,John,shrnisar@jumpstartlab.com,17837,,PA,701 moore ave box 1207,9148821000
White,John,jlex.vlasic@jumpstartlab.com,14850,,NY,601 First St,3036532000
Dolstad,John,evff.bessette@jumpstartlab.com,14051,,NY,8345 Clarnew Dr.,7164001000
Wikler,John,ick15@jumpstartlab.com,27104,,NC,510 Straffordshire Rd.,3365292000
Venegas,John,renielgr@jumpstartlab.com,14850,,NY,881 Boswick,6075920000
Copenhaver,John,oteastes@jumpstartlab.com,11731,,NY,426 5th Street,6313576000
Bigwood,John,vpm.odonnell@jumpstartlab.com,24153,,VA,roanoke college,4042185000
Sharrow,John,gqix.haber@jumpstartlab.com,00000,,PW,"86 7th Ave, Melville,",2779744000
Ng,John,gcrinemea77@jumpstartlab.com,95060,,CA,1145 laurel st,3237030000
Eller,John,hxshifle@jumpstartlab.com,08544,,NJ,1056 Frist Center,6092717000
White,John,obtrinah@jumpstartlab.com,37916,,TN,1714 Grand Ave. Apt. 124,6153375000
Cannon,John,fdmiller@jumpstartlab.com,28607,,NC,College St.,9193575000
Tough,John,je_bro1@jumpstartlab.com,97330,,OR,1250 NW 23rd Street Apt 8,5414303000
Kerner,John,jil6@jumpstartlab.com,08544,,NJ,Frist,5852011000
Fink,John,stiorio@jumpstartlab.com,20686,,MD,16800 Point Lookout Rd.,3213215000
McMeekin,John,idnielsaintfelix@jumpstartlab.com,28804,,NC,1 university hts,3362028000
Jahne,John,qyieff@jumpstartlab.com,20686,,MD,16800 Point lookout rd,5555555000
Regan,John,sfnghandong@jumpstartlab.com,02138,,MA,1815 Harvard Yard Mail Ctr,2485354000
Freer,JOhn,oynko1721@jumpstartlab.com,32303,,FL,510 E. 7th Ave.,7579713000
Bicknell,John,lqhfksfklgKLJGRskj@jumpstartlab.com,32303,,FL,510 E. 7th Ave.,7579713000
Jacobi,John,tyneskaroluk@jumpstartlab.com,23185,,VA,600 Ukrop Way,7036254000
Judkins,John,mjjones7@jumpstartlab.com,01824,,MA,25 Cathy Road,6172908000
Wasserman,John,flintessential_reflection@jumpstartlab.com,01267,,MA,2437 Paresky,8283800000
Begay,John,anhevalier@jumpstartlab.com,22213,,VA,2515 N. Winchester St,7032315000
Rivera,John,wxma.jones@jumpstartlab.com,17815,,PA,400 East Second St.,5706375000
Gassam,John,vmug.bojack@jumpstartlab.com,17815,,PA,400 East Second St.,4843254000
Gans,John,kgtrano@jumpstartlab.com,28407,,NC,UNCW Station CB# 20360,9195383000
Kidder,John,gmk1@jumpstartlab.com,23185,,VA,"1203 Jamestown Road, Apt B4",5404470000
Gallagher,John,llarunchia001@jumpstartlab.com,11365,,NY,71-72 162ND ST,8459887000
Walker,John,uaazarus@jumpstartlab.com,05401,,VT,203 south willard st,9732706000
Westwood,John,ngelacolwell@jumpstartlab.com,21218,,MD,3301 n charles st.,6173650000
Asher,John,xlm2@jumpstartlab.com,02155,,MA,"328 Houston Hall, Tufts University",2164020000
Desanctis,John,vngallag@jumpstartlab.com,24501,,VA,1501 Lakeside Dr,3028587000
Loftis,John,jninr5467@jumpstartlab.com,28804,,NC,1 university hts,3362028000
MacDonald,John,ejeliaT@jumpstartlab.com,37604,,TN,512 E Watauga Ave,8655851000
Raiho,John,gpn@jumpstartlab.com,04102,,ME,272 Danforth St.,7183054000
Tuck,John,tbolkart@jumpstartlab.com,04901,,ME,7911 Mayflower Hill,7183054000
Popovitch,John,clorzana@jumpstartlab.com,02138,,MA,1112 Harvard Yard Mail Center,7163927000
Catsos,John,vqlochowr@jumpstartlab.com,48823,,MI,239 Oakhill,2313574000
Stork,John,pmilla10@jumpstartlab.com,50014,,IA,303 Welch Ave,7128983000
Abdulkarim,John,iwbaugh@jumpstartlab.com,19149,,PA,1434 Elbridge St,2157434000
Dubose,John,leonia@jumpstartlab.com,15206,,PA,140 Stratford Ave,7183054000
Zeller,John,eyudartj@jumpstartlab.com,20036,,DC,"1608 Rhode Island Ave, NW",8057662000
Farshchi,John,kjerations@jumpstartlab.com,26501,,WV,8 1/2 Charleston,3042908000
Fox,John,lqn1@jumpstartlab.com,14260,,NY,"350 Student Union, University at Buffalo",7168689000
Alexander,John,ep.collier@jumpstartlab.com,49006,,MI,Academy,5128267000
Rosenkvist,John,qpancey@jumpstartlab.com,28403,,NC,64654654,0000000000
Corkins,John,kjya.courtney@jumpstartlab.com,04240,,ME,Bates,9143204000
Kittner,John,vfvaruss_campbell@jumpstartlab.com,23185,,VA,CSU 3873 PO Box 8793,7038620000
Dyment,John,lqeisler@jumpstartlab.com,40741,,KY,216 Johnson Addition,6068624000
McEachern,John,lqorej8@jumpstartlab.com,10708,,NY,"1 Rivermere, Apt. 1B",9143251000
Wells,John,slnielleariel@jumpstartlab.com,14450,,NY,2 Vineyard Hill,5854512000
Dowley,John,bx14@jumpstartlab.com,94705,,CA,2219 Ward St,5748505000
